id,firstname,lastname,phone,email,message1,rer,wew,12121212121,shuwarheda@gmail.com,"sdsd sd sds "
2,32323,54354,232323323232,au32323thhfdgdfaor@gmail.com,"sdfcsd fsdfsd "
3,a,b,12345678912,a@gmail.com,12121
4,c,d,6234231312313,bthor@gmail.com,werwewe
5,v,f,12121212121,c@gmail.com,dfdfdsf
6,g,f,53323351242314,f@gmail.com,"dsd23esd sdsd"
7,h,jg,12121212121,23g@gmail.com,232323
8,ty,sds,13121,tr@gmail.com,34343
9,t,rt,21212121,rtr@gmail.com,asdasasa
10,qw,qw,21212121,gfhfdg@gmail.com,"adsfsadf sdaf asdf sdaf asdf"
11,fdgv,fdsgsfdg,12121212,dfgasd@gmail.com,aaaaaaaaaa aaaaaaaa aaaaaaaaaaaaaaaaaaaa aaaaaaaaaaaa aaaaaaaaaaaaa aaaaaa aaaaaaaaaaaa
12,qwqw,qwqwq,232323323232,dfg@gmail.com,"sdaf sdaf asdf wdaf asdfgwae r sad f"
13,ui,yuy,232323323232,cfde@gmail.com,"qas as de qwdsa d A"
14,ewew,wew,232323323232,131312313@gmail.com,"212 12w 1e def fds ghfg bdfs ge5w gdf"
15,"bdsf g","gfsda grfg",12212323,fgfrg@gmail.com,"ds fdsaf daf asdf "
